chunk_id,document_id,title,source_url,chunk_number,text,page_type,word_count,search_text
KK_DOC_001_CHUNK_001,KK_DOC_001,Kreative kudi-Transforming Ideas into Visual Masterpieces,https://www.kreativekudi.com/,1,"In the world of Internet Customer Service, it’s important to remember your competitor is only one mouse click away. Logos are the graphic extension of the internal realities of a company.. The Internet makes money for you when you build something that is real and when it matters to people! Click on this tab to open WhatsApp and start a chat. Welcome to Kreative Kudi Digital Marketing Company and Institute, where we specialize in transforming your online presence and driving exceptional results. With a core focus on SEO, social media management, and content marketing, we are dedicated to enhancing your brand's visibility and attracting targeted traffic to your website. At Kreative Kudi, we are not just experts; we are partners in your online success journey. We achieve this through strategic PPC campaigns and data-driven SEO strategies that deliver measurable results, ultimately propelling your business forward in the digital landscape. We understand that staying competitive in the online world requires a multifaceted approach. That's why Kreative Kudi offers a comprehensive suite of services, including website optimization, social media advertising, and compelling content creation. Our team of experts is also skilled in crafting captivating logos, stunning graphics, and effective brochures to help enhance your brand identity and increase customer engagement. In today's interconnected world, reaching and connecting with your audience across multiple platforms is crucial. With Kreative Kudi's top-notch services, we ensure that your brand shines brightly across the digital spectrum. Let Kreative Kudi Digital Marketing Company be your partner in success as we optimize your online presence and drive exponential business growth. With our proven expertise and dedication, your brand will thrive in the digital landscape. Transform your online presence with Kreative Kudi and experience the difference. We develop a results-focused prototype meant to build an authentic digital connection with the utmost level of detail and quality based on diversified experiments. As a thriving UI UX agency, we harness the proven empathy-driven human-focused design process to craft the best digital solutions mapping the users preferences. We create future-proof brand touchpoints and ensure seamless interaction between the brand and its users powered by security and performance. unlock trends, and transform raw numbers into actionable insights. Ready to make informed decisions? Let's analyze, strategize, and drive success together. Experience the future of marketing with Kreative Kudi. From inbox to instant messages, we craft campaigns that connect and convert. Let's transform your strategy! Experience the future of content creation with Kreative Kudi's AI writing services.we harness the power of AI to deliver content that resonates and engages. Let's shape your brand The business's that we help to grow in the Digital world. Projects we did with high lead generation. Awards and cups for Design. Awesome experience working with the team at kreative kudi! They are always very responsive and continuously gives us suggestions to improve our online presence. A great help as they managed our digital presence really well and we do not have to worry. Definitely will recommend them! Kreative Kudi team have provided us with a comprehensive, fast and well planned digital marketing strategy that has yielded great results in terms of content, SEO, Social Media. His team are a pleasure to work with, as well as being fast to respond and adapt to the needs of your brand. Kreative Kudi executes our entire digital marketing strategy with incredible skill and expertise. Their ability to provide consistent results and offer the latest techniques keeps our brand ahead of the competition in an ever-changing digital environment. Our area of practice is quite wide: Graphics Design, Logo Design, Branding, Digital Marketing, Lead Generation, Ui/Ux",home,600,"Kreative kudi-Transforming Ideas into Visual Masterpieces home In the world of Internet Customer Service, it’s important to remember your competitor is only one mouse click away. Logos are the graphic extension of the internal realities of a company.. The Internet makes money for you when you build something that is real and when it matters to people! Click on this tab to open WhatsApp and start a chat. Welcome to Kreative Kudi Digital Marketing Company and Institute, where we specialize in transforming your online presence and driving exceptional results. With a core focus on SEO, social media management, and content marketing, we are dedicated to enhancing your brand's visibility and attracting targeted traffic to your website. At Kreative Kudi, we are not just experts; we are partners in your online success journey. We achieve this through strategic PPC campaigns and data-driven SEO strategies that deliver measurable results, ultimately propelling your business forward in the digital landscape. We understand that staying competitive in the online world requires a multifaceted approach. That's why Kreative Kudi offers a comprehensive suite of services, including website optimization, social media advertising, and compelling content creation. Our team of experts is also skilled in crafting captivating logos, stunning graphics, and effective brochures to help enhance your brand identity and increase customer engagement. In today's interconnected world, reaching and connecting with your audience across multiple platforms is crucial. With Kreative Kudi's top-notch services, we ensure that your brand shines brightly across the digital spectrum. Let Kreative Kudi Digital Marketing Company be your partner in success as we optimize your online presence and drive exponential business growth. With our proven expertise and dedication, your brand will thrive in the digital landscape. Transform your online presence with Kreative Kudi and experience the difference. We develop a results-focused prototype meant to build an authentic digital connection with the utmost level of detail and quality based on diversified experiments. As a thriving UI UX agency, we harness the proven empathy-driven human-focused design process to craft the best digital solutions mapping the users preferences. We create future-proof brand touchpoints and ensure seamless interaction between the brand and its users powered by security and performance. unlock trends, and transform raw numbers into actionable insights. Ready to make informed decisions? Let's analyze, strategize, and drive success together. Experience the future of marketing with Kreative Kudi. From inbox to instant messages, we craft campaigns that connect and convert. Let's transform your strategy! Experience the future of content creation with Kreative Kudi's AI writing services.we harness the power of AI to deliver content that resonates and engages. Let's shape your brand The business's that we help to grow in the Digital world. Projects we did with high lead generation. Awards and cups for Design. Awesome experience working with the team at kreative kudi! They are always very responsive and continuously gives us suggestions to improve our online presence. A great help as they managed our digital presence really well and we do not have to worry. Definitely will recommend them! Kreative Kudi team have provided us with a comprehensive, fast and well planned digital marketing strategy that has yielded great results in terms of content, SEO, Social Media. His team are a pleasure to work with, as well as being fast to respond and adapt to the needs of your brand. Kreative Kudi executes our entire digital marketing strategy with incredible skill and expertise. Their ability to provide consistent results and offer the latest techniques keeps our brand ahead of the competition in an ever-changing digital environment. Our area of practice is quite wide: Graphics Design, Logo Design, Branding, Digital Marketing, Lead Generation, Ui/Ux"
KK_DOC_001_CHUNK_002,KK_DOC_001,Kreative kudi-Transforming Ideas into Visual Masterpieces,https://www.kreativekudi.com/,2,"provided us with a comprehensive, fast and well planned digital marketing strategy that has yielded great results in terms of content, SEO, Social Media. His team are a pleasure to work with, as well as being fast to respond and adapt to the needs of your brand. Kreative Kudi executes our entire digital marketing strategy with incredible skill and expertise. Their ability to provide consistent results and offer the latest techniques keeps our brand ahead of the competition in an ever-changing digital environment. Our area of practice is quite wide: Graphics Design, Logo Design, Branding, Digital Marketing, Lead Generation, Ui/Ux Design and many more... SATYA TWO,near Bharat Petroleum, Shastrinagar, Naranpura, Ahmedabad-380013 Gujarat, INDIA kreativekudi@gmail.com +918160581704 Digital Marketing Graphics Designing Logo Designing Video Editing & Brand Promotions UI/UX Designing & Motion Graphics Lead Generation & Ads Running Social Media Account Handling Website & Templates Designing Many more......",home,146,"Kreative kudi-Transforming Ideas into Visual Masterpieces home provided us with a comprehensive, fast and well planned digital marketing strategy that has yielded great results in terms of content, SEO, Social Media. His team are a pleasure to work with, as well as being fast to respond and adapt to the needs of your brand. Kreative Kudi executes our entire digital marketing strategy with incredible skill and expertise. Their ability to provide consistent results and offer the latest techniques keeps our brand ahead of the competition in an ever-changing digital environment. Our area of practice is quite wide: Graphics Design, Logo Design, Branding, Digital Marketing, Lead Generation, Ui/Ux Design and many more... SATYA TWO,near Bharat Petroleum, Shastrinagar, Naranpura, Ahmedabad-380013 Gujarat, INDIA kreativekudi@gmail.com +918160581704 Digital Marketing Graphics Designing Logo Designing Video Editing & Brand Promotions UI/UX Designing & Motion Graphics Lead Generation & Ads Running Social Media Account Handling Website & Templates Designing Many more......"
KK_DOC_002_CHUNK_001,KK_DOC_002,"Your Graphic Designing Institute | Hands-On Learning,Limitless Creativity",https://www.kreativekudi.com/Institute.html,1,"Learn skills to become job ready, Best Coaching for Graphic Design, Digital Painting,Advance Photoshop, Digital Marketing, Corel Draw And many more..... ""The art and practice of planning and projecting ideas and experiences with visual and textual content"" ""The promotion of brands to connect with potential customers using the internet and other forms of digital communication"" online marketing, is the promotion of brands to connect with potential customers using the internet and other forms of digital communication. This includes not only email, social media, and web-based advertising, but also text and multimedia messages as a marketing channel. graphic design is defined as “the art and practice of planning and projecting ideas and experiences with visual and textual content.”. Brand Identity and Logo Design. Packaging Design. Web and UI/UX Design. Layout and Print Design. Illustrator. InDesign. After Effects. Photoshop is the industry-standard photo editing software, and the go-to application for everything from small retouching changes to mind-bending photo art. Photoshop is where editors crop photos, adjust photo composition, correct lighting, and make any subject imaginable look its absolute best.. INCLUDES:- Photoshop basic Tools Settings Interface Logo creation Social media post design IN Just 1500/- Duration-30 Days INCLUDES:- Photoshop Advance Tools,Settings Interface,Logo creation Social media post design Manipulation & Digital Painting GIF,Book cover,Fb cover YouTube thumbnail & Movie Poster IN Just 7000/- Duration-50 Days INCLUDES:- Premier pro Tools,Settings Text animation Interface,Logo animation Intro Video & Transition Video Manipulation & Digital Painting Mashup & Movie trailer YouTube thumbnail & Movie Poster IN Just 7000/- Duration-75 Days INCLUDES:- Photoshop basic + Advance Fb Insta ads, Page promotion Social Media Layout, Sales genrate Content writing, Hashtag Choice Page Management, Reels Creation Lead generation, Youtube promotion Social Media Marketing, IGTV creation YT Shorts creation and many more.... IN Just 50000/- Duration-180 Days SATYA TWO,near Bharat Petroleum, Shastrinagar, Naranpura, Ahmedabad-380013 Gujarat, INDIA kreativekudi@gmail.com +918160581704 Pre-Production Basic Photoshop Advance Photoshop Basic Video Editing Advance Video Editing Advance Digital Marketing Graphics Designing Many more..........",training,324,"Your Graphic Designing Institute | Hands-On Learning,Limitless Creativity training Learn skills to become job ready, Best Coaching for Graphic Design, Digital Painting,Advance Photoshop, Digital Marketing, Corel Draw And many more..... ""The art and practice of planning and projecting ideas and experiences with visual and textual content"" ""The promotion of brands to connect with potential customers using the internet and other forms of digital communication"" online marketing, is the promotion of brands to connect with potential customers using the internet and other forms of digital communication. This includes not only email, social media, and web-based advertising, but also text and multimedia messages as a marketing channel. graphic design is defined as “the art and practice of planning and projecting ideas and experiences with visual and textual content.”. Brand Identity and Logo Design. Packaging Design. Web and UI/UX Design. Layout and Print Design. Illustrator. InDesign. After Effects. Photoshop is the industry-standard photo editing software, and the go-to application for everything from small retouching changes to mind-bending photo art. Photoshop is where editors crop photos, adjust photo composition, correct lighting, and make any subject imaginable look its absolute best.. INCLUDES:- Photoshop basic Tools Settings Interface Logo creation Social media post design IN Just 1500/- Duration-30 Days INCLUDES:- Photoshop Advance Tools,Settings Interface,Logo creation Social media post design Manipulation & Digital Painting GIF,Book cover,Fb cover YouTube thumbnail & Movie Poster IN Just 7000/- Duration-50 Days INCLUDES:- Premier pro Tools,Settings Text animation Interface,Logo animation Intro Video & Transition Video Manipulation & Digital Painting Mashup & Movie trailer YouTube thumbnail & Movie Poster IN Just 7000/- Duration-75 Days INCLUDES:- Photoshop basic + Advance Fb Insta ads, Page promotion Social Media Layout, Sales genrate Content writing, Hashtag Choice Page Management, Reels Creation Lead generation, Youtube promotion Social Media Marketing, IGTV creation YT Shorts creation and many more.... IN Just 50000/- Duration-180 Days SATYA TWO,near Bharat Petroleum, Shastrinagar, Naranpura, Ahmedabad-380013 Gujarat, INDIA kreativekudi@gmail.com +918160581704 Pre-Production Basic Photoshop Advance Photoshop Basic Video Editing Advance Video Editing Advance Digital Marketing Graphics Designing Many more.........."
KK_DOC_003_CHUNK_001,KK_DOC_003,Elevate Your Brand with Graphic Design and Digital Marketing,https://www.kreativekudi.com/about.html,1,"At the intersection of art, technology and business, we create design solutions geared toward business success. Since 2020, we have been leaders in design technology. Our services range from experience designing, identity development, product strategy, branding, user experience design, Lead generation, user interface design, UI/UX Design, Graphic Design , Logo Design,Digitak Marketing and SEO. Our work has inspired positive business growth for many of our clients, For over three years, we have designed experiences that honour brands; and we are proud of our awards and accolades which are testimony to our performance Today, when a brand's virtual persona is imperative to business success, ""Kreative_kudi"" strives to provide insightful and future-forward solutions designed specifically for your brand. Welcome to Kreative Kudi Digital Marketing Company and Institute, where we specialize in transforming your online presence and driving exceptional results. With a core focus on SEO, social media management, and content marketing, we are dedicated to enhancing your brand's visibility and attracting targeted traffic to your website. At Kreative Kudi, we are not just experts; we are partners in your online success journey. We achieve this through strategic PPC campaigns and data-driven SEO strategies that deliver measurable results, ultimately propelling your business forward in the digital landscape. We understand that staying competitive in the online world requires a multifaceted approach. That's why Kreative Kudi offers a comprehensive suite of services, including website optimization, social media advertising, and compelling content creation. Our team of experts is also skilled in crafting captivating logos, stunning graphics, and effective brochures to help enhance your brand identity and increase customer engagement. In today's interconnected world, reaching and connecting with your audience across multiple platforms is crucial. With Kreative Kudi's top-notch services, we ensure that your brand shines brightly across the digital spectrum. But we don't stop there. We believe in harnessing the power of data to drive your marketing efforts. Through web analytics, conversion optimization, and targeted advertising, Kreative Kudi maximizes your return on investment and refines your strategies for optimal performance. Let Kreative Kudi Digital Marketing Company be your partner in success as we optimize your online presence and drive exponential business growth. With our proven expertise and dedication, your brand will thrive in the digital landscape. Transform your online presence with Kreative Kudi and experience the difference. “the art and practice of planning and projecting ideas and experiences with visual and textual content.” create the user interface for an app, website, or other interactive media. Social media allows marketers to connect and engage potential customers where they are. With logo design, you have a visual communication tool to help you get your message across to the audience. We’re ,Kreative_Kudi an Award-Winning Digital Marketing Company based in Ahmedabad. To provide powerful digital marketing solutions to small and medium businesses that are looking to build success online. To enhance and elevate human interaction To be the world's best and most trusted human experience design company To pursue excellence through dedicated teamwork Our area of practice is quite wide: design, graphics, branding, development. Digital Marketing Graphics Designing Logo Designing Video Editing & Brand Promotions UI/UX Designing & Motion Graphics Lead Generation & Ads Running Social Media Account Handling Website & Templates Designing Many more...... Pre-Production Basic Photoshop Advance Photoshop Basic Video Editing Advance Video Editing Advance Digital Marketing Graphics Designing Many more.......... Career Privacy Policy Instagram Linkedin Home Contact us",company_services,561,"Elevate Your Brand with Graphic Design and Digital Marketing company_services At the intersection of art, technology and business, we create design solutions geared toward business success. Since 2020, we have been leaders in design technology. Our services range from experience designing, identity development, product strategy, branding, user experience design, Lead generation, user interface design, UI/UX Design, Graphic Design , Logo Design,Digitak Marketing and SEO. Our work has inspired positive business growth for many of our clients, For over three years, we have designed experiences that honour brands; and we are proud of our awards and accolades which are testimony to our performance Today, when a brand's virtual persona is imperative to business success, ""Kreative_kudi"" strives to provide insightful and future-forward solutions designed specifically for your brand. Welcome to Kreative Kudi Digital Marketing Company and Institute, where we specialize in transforming your online presence and driving exceptional results. With a core focus on SEO, social media management, and content marketing, we are dedicated to enhancing your brand's visibility and attracting targeted traffic to your website. At Kreative Kudi, we are not just experts; we are partners in your online success journey. We achieve this through strategic PPC campaigns and data-driven SEO strategies that deliver measurable results, ultimately propelling your business forward in the digital landscape. We understand that staying competitive in the online world requires a multifaceted approach. That's why Kreative Kudi offers a comprehensive suite of services, including website optimization, social media advertising, and compelling content creation. Our team of experts is also skilled in crafting captivating logos, stunning graphics, and effective brochures to help enhance your brand identity and increase customer engagement. In today's interconnected world, reaching and connecting with your audience across multiple platforms is crucial. With Kreative Kudi's top-notch services, we ensure that your brand shines brightly across the digital spectrum. But we don't stop there. We believe in harnessing the power of data to drive your marketing efforts. Through web analytics, conversion optimization, and targeted advertising, Kreative Kudi maximizes your return on investment and refines your strategies for optimal performance. Let Kreative Kudi Digital Marketing Company be your partner in success as we optimize your online presence and drive exponential business growth. With our proven expertise and dedication, your brand will thrive in the digital landscape. Transform your online presence with Kreative Kudi and experience the difference. “the art and practice of planning and projecting ideas and experiences with visual and textual content.” create the user interface for an app, website, or other interactive media. Social media allows marketers to connect and engage potential customers where they are. With logo design, you have a visual communication tool to help you get your message across to the audience. We’re ,Kreative_Kudi an Award-Winning Digital Marketing Company based in Ahmedabad. To provide powerful digital marketing solutions to small and medium businesses that are looking to build success online. To enhance and elevate human interaction To be the world's best and most trusted human experience design company To pursue excellence through dedicated teamwork Our area of practice is quite wide: design, graphics, branding, development. Digital Marketing Graphics Designing Logo Designing Video Editing & Brand Promotions UI/UX Designing & Motion Graphics Lead Generation & Ads Running Social Media Account Handling Website & Templates Designing Many more...... Pre-Production Basic Photoshop Advance Photoshop Basic Video Editing Advance Video Editing Advance Digital Marketing Graphics Designing Many more.......... Career Privacy Policy Instagram Linkedin Home Contact us"
KK_DOC_004_CHUNK_001,KK_DOC_004,Explore our company portfolio: A showcase of our finest work,https://www.kreativekudi.com/portfolio.html,1,"Creativity involves breaking out of expected & repeatable patterns in order to look at things in different way than ever before. SATYA TWO,near Bharat Petroleum, Shastrinagar, Naranpura, Ahmedabad-380013 Gujarat, INDIA kreativekudi@gmail.com +918160581704 Digital Marketing Graphics Designing Logo Designing Video Editing & Brand Promotions UI/UX Designing & Motion Graphics Lead Generation & Ads Running Social Media Account Handling Website & Templates Designing Many more......",portfolio,63,"Explore our company portfolio: A showcase of our finest work portfolio Creativity involves breaking out of expected & repeatable patterns in order to look at things in different way than ever before. SATYA TWO,near Bharat Petroleum, Shastrinagar, Naranpura, Ahmedabad-380013 Gujarat, INDIA kreativekudi@gmail.com +918160581704 Digital Marketing Graphics Designing Logo Designing Video Editing & Brand Promotions UI/UX Designing & Motion Graphics Lead Generation & Ads Running Social Media Account Handling Website & Templates Designing Many more......"
KK_DOC_005_CHUNK_001,KK_DOC_005,Stay updated with our insightful digital marketing blogs,https://www.kreativekudi.com/articles.html,1,"All the most current news and events on Digital Marketing A digital marketing strategy involves using electronic channels to reach customers with products and services. This sums up the digital marketing definition. The emergence of digital marketing & the digital marketing growth in India is certainly very interesting facts. A few years back, the concept of “Digital Marketing” was not such a popular phenomenon towards half of the nation, but gradually the change has started to take place. The human mind has started to think technically even the marketing strategy, resulting in an interesting story of digital marketing growth in India. The age of digital marketing has arrived. The proliferation of e-commerce has made it essential for brick-and-mortar stores to adopt digital marketing strategies. SATYA TWO,near Bharat Petroleum, Shastrinagar, Naranpura, Ahmedabad-380013 Gujarat, INDIA kreativekudi@gmail.com +918160581704 Digital marketing records 40% growth on Net connectivity, smartphone use. Digital advertising industry in India expected to reach Rs 35,809 crore market size by 2023: Report",articles,161,"Stay updated with our insightful digital marketing blogs articles All the most current news and events on Digital Marketing A digital marketing strategy involves using electronic channels to reach customers with products and services. This sums up the digital marketing definition. The emergence of digital marketing & the digital marketing growth in India is certainly very interesting facts. A few years back, the concept of “Digital Marketing” was not such a popular phenomenon towards half of the nation, but gradually the change has started to take place. The human mind has started to think technically even the marketing strategy, resulting in an interesting story of digital marketing growth in India. The age of digital marketing has arrived. The proliferation of e-commerce has made it essential for brick-and-mortar stores to adopt digital marketing strategies. SATYA TWO,near Bharat Petroleum, Shastrinagar, Naranpura, Ahmedabad-380013 Gujarat, INDIA kreativekudi@gmail.com +918160581704 Digital marketing records 40% growth on Net connectivity, smartphone use. Digital advertising industry in India expected to reach Rs 35,809 crore market size by 2023: Report"
KK_DOC_006_CHUNK_001,KK_DOC_006,Empowering Your Digital Presence | Founder & CEo,https://www.kreativekudi.com/Owner.html,1,"Title: Empowering Your Digital Presence | Founder & CEO Founder: Pooja Jain Welcome! I'm POOJA JAIN, and I know I can help your company create stunning visuals. As someone who has worked in marketing and graphic design for over a Quadrennial, I know what brands need to capture their audience attention. 4 Years Of Experience 230+ Projects Completed In last two years Contact: Email: poojagraphic23@gmail.com Our services: - Digital Marketing - UI/UX Designing - Logo Designing - Graphic Designing - Video Editing - Visiting Card Designing - Website Designing Graphic Design: We develop a results-focused prototype meant to build an authentic digital connection with the utmost level of detail and quality based on diversified experiments. UI/UX & Website Design: As a thriving UI UX agency, we harness the proven empathy-driven human-focused design process to craft the best digital solutions mapping the users preferences. Social Media Marketing: We create future-proof brand touchpoints and ensure seamless interaction between the brand and its users powered by security and performance. Logo Design: With proven ideation techniques combined with a client-centric approach at the core, we ideate roadmaps while mapping your business journey to decode human-focused problem statements.",founder,193,"Empowering Your Digital Presence | Founder & CEo founder Title: Empowering Your Digital Presence | Founder & CEO Founder: Pooja Jain Welcome! I'm POOJA JAIN, and I know I can help your company create stunning visuals. As someone who has worked in marketing and graphic design for over a Quadrennial, I know what brands need to capture their audience attention. 4 Years Of Experience 230+ Projects Completed In last two years Contact: Email: poojagraphic23@gmail.com Our services: - Digital Marketing - UI/UX Designing - Logo Designing - Graphic Designing - Video Editing - Visiting Card Designing - Website Designing Graphic Design: We develop a results-focused prototype meant to build an authentic digital connection with the utmost level of detail and quality based on diversified experiments. UI/UX & Website Design: As a thriving UI UX agency, we harness the proven empathy-driven human-focused design process to craft the best digital solutions mapping the users preferences. Social Media Marketing: We create future-proof brand touchpoints and ensure seamless interaction between the brand and its users powered by security and performance. Logo Design: With proven ideation techniques combined with a client-centric approach at the core, we ideate roadmaps while mapping your business journey to decode human-focused problem statements."
KK_DOC_007_CHUNK_001,KK_DOC_007,Get in touch with us today | Contact us,https://www.kreativekudi.com/contact.html,1,"Feel free to ask me any question or let's do to talk about our future collaboration. SATYA TWO,near Bharat Petroleum, Shastrinagar, Naranpura, Ahmedabad-380013 Gujarat, INDIA kreativekudi@gmail.com +918160581704",contact,27,"Get in touch with us today | Contact us contact Feel free to ask me any question or let's do to talk about our future collaboration. SATYA TWO,near Bharat Petroleum, Shastrinagar, Naranpura, Ahmedabad-380013 Gujarat, INDIA kreativekudi@gmail.com +918160581704"
KK_DOC_008_CHUNK_001,KK_DOC_008,Explore our digital marketing blog,https://www.kreativekudi.com/article1.html,1,"THE ECONOMIC TIMES A digital marketing strategy involves using electronic channels to reach customers with products and services. This sums up the digital marketing definition. By utilising electronic devices to convey promotional messaging, marketing specialists can measure the impact of marketing on the customer journey. A digital marketing campaign refers to products and services on tablets, computer screens, phones, and other devices. Many different forms of advertising exist, including display ads, paid social ads, search engine marketing, online videos, and social media posts. Technically, SEO, or search engine optimisation, is a marketing tool rather than a marketing activity in and of itself. In other description, it is called the process of ensuring that web pages are search engine-friendly. In Today’s rapid digitisation, the most significant factors to look for while optimising a web page consist: Content quality, User-management level, phone friendliness and adaptability, and types of inbound links. The strategic usability of these factors is a significant component of using SEO. Pay-per-click advertising refers to posting an ad on a website and paying every time someone clicks on it. As a result of clicking an ad, viewers are supposed to complete one or more conversions or target actions. People are engaged in discussions online to drive traffic and brand awareness in social media marketing. Twitter, Facebook and Instagram are the most powerful and popular platforms for social media marketing, followed by LinkedIn and YouTube. The engagement metrics incorporated into social media marketing are significantly helpful in understanding how well one can connect to an audience. The types of interactions, including the number of comments, shares and total clicks to your website, play a large canvas in social media marketing. Making money through affiliate marketing involves promoting the business of another person. There is no difference between being the promoter or the company working with the influencer/promoter. A revenue-sharing model opts for the process. Affiliated people get a commission when somebody buys the item they promote. Merchants pay affiliates for every sale they help them make. The decision-making processes for B2B clients tend to be longer, which translates to longer sales funnels with better relationship-building strategies, as opposed to B2C customers who are more responsive to short-term offers and communication. Cost-efficient A broad geographic and demographic reach Quantified results Smooth conversions and personalisations Large customer base association With digital marketing, every individual tool can lead to conversion. The digital marketing strategy of a company/brand may employ multiple platforms or focus solely on one. Whereas, As a holistic concept, Inbound marketing, the sales funnels are determined after determining the goal and evaluating available tools to reach target customers effectively. Never ever think of giving up. Winners never quit and quitters never win. Take all negative words out of your mental dictionary and focus on the solutions with utmost conviction and patience. The battle is never lost until you’ve abandon your vision. SATYA TWO,near Bharat Petroleum, Shastrinagar, Naranpura, Ahmedabad-380013 Gujarat, INDIA kreativekudi@gmail.com +918160581704 Digital marketing records 40% growth on Net connectivity, smartphone use. Digital advertising industry in India expected to reach Rs 35,809 crore market size by 2023: Report",article,516,"Explore our digital marketing blog article THE ECONOMIC TIMES A digital marketing strategy involves using electronic channels to reach customers with products and services. This sums up the digital marketing definition. By utilising electronic devices to convey promotional messaging, marketing specialists can measure the impact of marketing on the customer journey. A digital marketing campaign refers to products and services on tablets, computer screens, phones, and other devices. Many different forms of advertising exist, including display ads, paid social ads, search engine marketing, online videos, and social media posts. Technically, SEO, or search engine optimisation, is a marketing tool rather than a marketing activity in and of itself. In other description, it is called the process of ensuring that web pages are search engine-friendly. In Today’s rapid digitisation, the most significant factors to look for while optimising a web page consist: Content quality, User-management level, phone friendliness and adaptability, and types of inbound links. The strategic usability of these factors is a significant component of using SEO. Pay-per-click advertising refers to posting an ad on a website and paying every time someone clicks on it. As a result of clicking an ad, viewers are supposed to complete one or more conversions or target actions. People are engaged in discussions online to drive traffic and brand awareness in social media marketing. Twitter, Facebook and Instagram are the most powerful and popular platforms for social media marketing, followed by LinkedIn and YouTube. The engagement metrics incorporated into social media marketing are significantly helpful in understanding how well one can connect to an audience. The types of interactions, including the number of comments, shares and total clicks to your website, play a large canvas in social media marketing. Making money through affiliate marketing involves promoting the business of another person. There is no difference between being the promoter or the company working with the influencer/promoter. A revenue-sharing model opts for the process. Affiliated people get a commission when somebody buys the item they promote. Merchants pay affiliates for every sale they help them make. The decision-making processes for B2B clients tend to be longer, which translates to longer sales funnels with better relationship-building strategies, as opposed to B2C customers who are more responsive to short-term offers and communication. Cost-efficient A broad geographic and demographic reach Quantified results Smooth conversions and personalisations Large customer base association With digital marketing, every individual tool can lead to conversion. The digital marketing strategy of a company/brand may employ multiple platforms or focus solely on one. Whereas, As a holistic concept, Inbound marketing, the sales funnels are determined after determining the goal and evaluating available tools to reach target customers effectively. Never ever think of giving up. Winners never quit and quitters never win. Take all negative words out of your mental dictionary and focus on the solutions with utmost conviction and patience. The battle is never lost until you’ve abandon your vision. SATYA TWO,near Bharat Petroleum, Shastrinagar, Naranpura, Ahmedabad-380013 Gujarat, INDIA kreativekudi@gmail.com +918160581704 Digital marketing records 40% growth on Net connectivity, smartphone use. Digital advertising industry in India expected to reach Rs 35,809 crore market size by 2023: Report"
KK_DOC_009_CHUNK_001,KK_DOC_009,Digital marketing growth in India in 2023-Explore key trends,https://www.kreativekudi.com/article2.html,1,"IIM SKILLS The emergence of digital marketing & the digital marketing growth in India is certainly very interesting facts. A few years back, the concept of “Digital Marketing” was not such a popular phenomenon towards half of the nation, but gradually the change has started to take place. The human mind has started to think technically even the marketing strategy, resulting in an interesting story of digital marketing growth in India. If we look back to history, we see, digital marketing growth in India doesn’t take place overnight. It was the surge of the internet in India, quite an event itself which made the entry of digital marketing in the country. The year was 1996 when very few people came across the word “digital marketing”. Gradually in 2000, people in India became more acquainted with SEO and digital marketing. But digital marketing is nothing but online marketing or e-marketing which needs a strong internet foundation everywhere. At that time internet was not a matter available at the fingertip, even one couldn’t think of full-fledged digital marketing growth in India whether it would be possible or not. So, despite being interested, people waited for the moment when the real growth would take its proper shape. By 2008, India started to witness the outpouring of the internet across the country. It was a magical experience to see the country use search engines like Google and to change and grow under the shadow of the internet. Many companies, digital marketing agencies started to offer services in the field of digital marketing. SEO, social media marketing, content marketing, etc. introduced a new marketing strategy to the people of India. People noticed that the newly launched marketing formulas could also bring brand awareness and generate sales. So gradually in place of the traditional marketing methods like billboards, print ads, broadcasting, etc. Business owners became conscious regarding the prominent presence of their brands in Google. By end of 2010, many popular brands and small-scale businesses preferred to make small SEO changes on their respective websites, run organic or paid online ads for the exposure of their brands to the target audiences. Hence, it can be considered as a technological movement, resulting in an overall digitalization in every aspect of life and thus the nation observed enhancement of digital marketing in India. The movement of digitalization is perhaps the most fast-moving event in the history of any innovation. It has reached 50 percent of the population of the developing country within almost two decades which sounds fascinating. Today India believes that digital marketing is the lifeline of business and its multiple channels like SEO, content marketing, PPC, social media marketing, etc play a very important role to enhance communication, sales, exposure, and reach. But like any other expert, a proficient digital marketer also needs to know every know-how of digital marketing, occurring with the change of time and upgrade his skills and learn more. So, with growing need, digital marketing agencies have introduced a few new trends of digital marketing that have made an appearance to shape the digital marketing growth in India in a more happening way. Some of the amazing futuristic digital marketing trends are- If we discuss the future of digital marketing in India, it is seen that the growth of digital marketing in India is very much prospective in the future too. Data says India ranks second in the world on the internet using list, just after China. By 2023, it is predicted that in India, there will be more than 650 million & by 2025, 900 million internet users which is a",article,600,"Digital marketing growth in India in 2023-Explore key trends article IIM SKILLS The emergence of digital marketing & the digital marketing growth in India is certainly very interesting facts. A few years back, the concept of “Digital Marketing” was not such a popular phenomenon towards half of the nation, but gradually the change has started to take place. The human mind has started to think technically even the marketing strategy, resulting in an interesting story of digital marketing growth in India. If we look back to history, we see, digital marketing growth in India doesn’t take place overnight. It was the surge of the internet in India, quite an event itself which made the entry of digital marketing in the country. The year was 1996 when very few people came across the word “digital marketing”. Gradually in 2000, people in India became more acquainted with SEO and digital marketing. But digital marketing is nothing but online marketing or e-marketing which needs a strong internet foundation everywhere. At that time internet was not a matter available at the fingertip, even one couldn’t think of full-fledged digital marketing growth in India whether it would be possible or not. So, despite being interested, people waited for the moment when the real growth would take its proper shape. By 2008, India started to witness the outpouring of the internet across the country. It was a magical experience to see the country use search engines like Google and to change and grow under the shadow of the internet. Many companies, digital marketing agencies started to offer services in the field of digital marketing. SEO, social media marketing, content marketing, etc. introduced a new marketing strategy to the people of India. People noticed that the newly launched marketing formulas could also bring brand awareness and generate sales. So gradually in place of the traditional marketing methods like billboards, print ads, broadcasting, etc. Business owners became conscious regarding the prominent presence of their brands in Google. By end of 2010, many popular brands and small-scale businesses preferred to make small SEO changes on their respective websites, run organic or paid online ads for the exposure of their brands to the target audiences. Hence, it can be considered as a technological movement, resulting in an overall digitalization in every aspect of life and thus the nation observed enhancement of digital marketing in India. The movement of digitalization is perhaps the most fast-moving event in the history of any innovation. It has reached 50 percent of the population of the developing country within almost two decades which sounds fascinating. Today India believes that digital marketing is the lifeline of business and its multiple channels like SEO, content marketing, PPC, social media marketing, etc play a very important role to enhance communication, sales, exposure, and reach. But like any other expert, a proficient digital marketer also needs to know every know-how of digital marketing, occurring with the change of time and upgrade his skills and learn more. So, with growing need, digital marketing agencies have introduced a few new trends of digital marketing that have made an appearance to shape the digital marketing growth in India in a more happening way. Some of the amazing futuristic digital marketing trends are- If we discuss the future of digital marketing in India, it is seen that the growth of digital marketing in India is very much prospective in the future too. Data says India ranks second in the world on the internet using list, just after China. By 2023, it is predicted that in India, there will be more than 650 million & by 2025, 900 million internet users which is a"
KK_DOC_009_CHUNK_002,KK_DOC_009,Digital marketing growth in India in 2023-Explore key trends,https://www.kreativekudi.com/article2.html,2,"of digital marketing that have made an appearance to shape the digital marketing growth in India in a more happening way. Some of the amazing futuristic digital marketing trends are- If we discuss the future of digital marketing in India, it is seen that the growth of digital marketing in India is very much prospective in the future too. Data says India ranks second in the world on the internet using list, just after China. By 2023, it is predicted that in India, there will be more than 650 million & by 2025, 900 million internet users which is a massive number and can build easily a strong digital ecosystem in the country. Over the last few years, small towns and the rural belts of the nation have shown a noteworthy digital drive, according to a report which is 31 % of the population, adopting the internet actively in life. In fact, by 2025, rural India will precede urban India in terms of internet usage. As per data, 67% of the urban population is using internet listing, Maharashtra at the top, Goa at second, Kerala at third, and Bihar at the last, followed by Chhattisgarh and Jharkhand. Moreover, we can see a direct impact of the Covid 19 pandemic on online marketing platforms. It has accelerated the digitalization of the nation by generating 100 million consumers towards a digital platform. Digitalization can be considered as the new concept of progress and it is the pillar of the economy, triggering promotion, reach, sales and payments everything under one niche. Digital marketing in India is going to be happening at a faster rate and the new trends are just about to show their magical performance in the online marketing sector. Study says, video, voice, and vernacular, the 3 v’s can be proved as a game-changer for digital marketing in the coming years. Even the government of India has started the campaign “Digital India” with a mission to transform the entire country into a digitalized one. Digital marketing is also a very cost-effective and affordable means if we compare it with other marketing platforms. For example, quality content on social media can entertain & engage a good number of people but in a pocket-friendly way. From small startups to business tycoons, everybody is nowadays preferring digital platforms to get visible in front of their target zone. So, following the popular note of today, it can be safely said, “Being Digital is Being Global”. “I owe my success to having listened respectfully to the very best advice, and then going away and doing the exact opposite.” SATYA TWO,near Bharat Petroleum, Shastrinagar, Naranpura, Ahmedabad-380013 Gujarat, INDIA kreativekudi@gmail.com +918160581704 Digital marketing records 40% growth on Net connectivity, smartphone use. Digital advertising industry in India expected to reach Rs 35,809 crore market size by 2023: Report",article,469,"Digital marketing growth in India in 2023-Explore key trends article of digital marketing that have made an appearance to shape the digital marketing growth in India in a more happening way. Some of the amazing futuristic digital marketing trends are- If we discuss the future of digital marketing in India, it is seen that the growth of digital marketing in India is very much prospective in the future too. Data says India ranks second in the world on the internet using list, just after China. By 2023, it is predicted that in India, there will be more than 650 million & by 2025, 900 million internet users which is a massive number and can build easily a strong digital ecosystem in the country. Over the last few years, small towns and the rural belts of the nation have shown a noteworthy digital drive, according to a report which is 31 % of the population, adopting the internet actively in life. In fact, by 2025, rural India will precede urban India in terms of internet usage. As per data, 67% of the urban population is using internet listing, Maharashtra at the top, Goa at second, Kerala at third, and Bihar at the last, followed by Chhattisgarh and Jharkhand. Moreover, we can see a direct impact of the Covid 19 pandemic on online marketing platforms. It has accelerated the digitalization of the nation by generating 100 million consumers towards a digital platform. Digitalization can be considered as the new concept of progress and it is the pillar of the economy, triggering promotion, reach, sales and payments everything under one niche. Digital marketing in India is going to be happening at a faster rate and the new trends are just about to show their magical performance in the online marketing sector. Study says, video, voice, and vernacular, the 3 v’s can be proved as a game-changer for digital marketing in the coming years. Even the government of India has started the campaign “Digital India” with a mission to transform the entire country into a digitalized one. Digital marketing is also a very cost-effective and affordable means if we compare it with other marketing platforms. For example, quality content on social media can entertain & engage a good number of people but in a pocket-friendly way. From small startups to business tycoons, everybody is nowadays preferring digital platforms to get visible in front of their target zone. So, following the popular note of today, it can be safely said, “Being Digital is Being Global”. “I owe my success to having listened respectfully to the very best advice, and then going away and doing the exact opposite.” SATYA TWO,near Bharat Petroleum, Shastrinagar, Naranpura, Ahmedabad-380013 Gujarat, INDIA kreativekudi@gmail.com +918160581704 Digital marketing records 40% growth on Net connectivity, smartphone use. Digital advertising industry in India expected to reach Rs 35,809 crore market size by 2023: Report"
KK_DOC_010_CHUNK_001,KK_DOC_010,Explore the post-pandemic resurgence of digital marketing in India,https://www.kreativekudi.com/article3.html,1,"DECCAN HERALD The age of digital marketing has arrived. The proliferation of e-commerce has made it essential for brick-and-mortar stores to adopt digital marketing strategies. Everyone from multinational corporations to mom-and-pop shops is going digital in the hopes of expanding their operations and better using the online world to increase their customer base, product exposure, and revenue. Brands and businesses in India may look forward to a bright future in digital marketing because to the widespread adoption of digital technologies. Let's delve even further into it! Digital marketing is flourishing in India because of the country's large population and the widespread use of smartphones and social networking sites there. Because of the global nature of the internet, businesses that want to expand their customer base must adopt digital marketing strategies to promote their products and services online. Digital marketing in India has a promising future. In comparison to more conventional methods of advertising, digital marketing has a number of advantages that make it a viable and cost-friendly option for spreading brand awareness. The field of digital marketing is expected to expand dramatically throughout 2020 and 2021. For two years in a row, the pandemic has impacted every aspect of our lives, but the digital sphere has continued to expand strongly and in truly remarkable ways. A further increase is anticipated in 2022. India is home to the second-largest online population. Extremely high rates of internet adoption have been observed across the country. The number of people using the internet in India is projected to reach almost 666 million by 2023, and over 5.3 billion worldwide. This points to a general shift toward online shopping on the part of consumers, making it both prudent and advantageous for retail firms to enter the digital marketing sphere.. The quantity of data being used is growing. The number of people who rely on the internet for things like online shopping and video streaming has expanded dramatically in recent years. The ongoing digital revolution is projected to push this number even higher.. The amount of money spent on digital marketing and promotion has increased, even as the global epidemic has spread. Even the largest corporations are now reorganizing their marketing budgets to concentrate on digital channels. Statistics show that the pandemic and several lockdowns will contribute to the Indian e-commerce business growing to Rs 7 trillion by 2023. This is further evidence that digital marketing is on the rise and has had a beneficial effect on businesses and people's everyday lives. This has also created a new market for freelance content creators that contribute towards the digital economy. In addition to these developments, a whole new marketplace of cloud-only enterprises has taken shape that deal in products ranging from cutleries and furniture to beauty products and electronics. Supported by a plethora of online product reviews, buying guides and social media word-of-mouth marketing this is a new avenue of growth fuelled by digital marketing. The outlook for digital marketing in the future is positive and secure. Right now, the most important thing for any company to do is hire inventive, creative digital marketers who can help them establish a strong online presence. The expansion of digital marketing is a long-term phenomenon. The market is likely to expand, and meeting the evolving needs of consumers will become increasingly important as time goes on. This next generation will be used to doing everything digitally and online. Organizations and businesses need to make digital marketing efforts now to be ready to serve these clients in the future. With digital marketing, businesses can reach customers all over the world, interact",article,600,"Explore the post-pandemic resurgence of digital marketing in India article DECCAN HERALD The age of digital marketing has arrived. The proliferation of e-commerce has made it essential for brick-and-mortar stores to adopt digital marketing strategies. Everyone from multinational corporations to mom-and-pop shops is going digital in the hopes of expanding their operations and better using the online world to increase their customer base, product exposure, and revenue. Brands and businesses in India may look forward to a bright future in digital marketing because to the widespread adoption of digital technologies. Let's delve even further into it! Digital marketing is flourishing in India because of the country's large population and the widespread use of smartphones and social networking sites there. Because of the global nature of the internet, businesses that want to expand their customer base must adopt digital marketing strategies to promote their products and services online. Digital marketing in India has a promising future. In comparison to more conventional methods of advertising, digital marketing has a number of advantages that make it a viable and cost-friendly option for spreading brand awareness. The field of digital marketing is expected to expand dramatically throughout 2020 and 2021. For two years in a row, the pandemic has impacted every aspect of our lives, but the digital sphere has continued to expand strongly and in truly remarkable ways. A further increase is anticipated in 2022. India is home to the second-largest online population. Extremely high rates of internet adoption have been observed across the country. The number of people using the internet in India is projected to reach almost 666 million by 2023, and over 5.3 billion worldwide. This points to a general shift toward online shopping on the part of consumers, making it both prudent and advantageous for retail firms to enter the digital marketing sphere.. The quantity of data being used is growing. The number of people who rely on the internet for things like online shopping and video streaming has expanded dramatically in recent years. The ongoing digital revolution is projected to push this number even higher.. The amount of money spent on digital marketing and promotion has increased, even as the global epidemic has spread. Even the largest corporations are now reorganizing their marketing budgets to concentrate on digital channels. Statistics show that the pandemic and several lockdowns will contribute to the Indian e-commerce business growing to Rs 7 trillion by 2023. This is further evidence that digital marketing is on the rise and has had a beneficial effect on businesses and people's everyday lives. This has also created a new market for freelance content creators that contribute towards the digital economy. In addition to these developments, a whole new marketplace of cloud-only enterprises has taken shape that deal in products ranging from cutleries and furniture to beauty products and electronics. Supported by a plethora of online product reviews, buying guides and social media word-of-mouth marketing this is a new avenue of growth fuelled by digital marketing. The outlook for digital marketing in the future is positive and secure. Right now, the most important thing for any company to do is hire inventive, creative digital marketers who can help them establish a strong online presence. The expansion of digital marketing is a long-term phenomenon. The market is likely to expand, and meeting the evolving needs of consumers will become increasingly important as time goes on. This next generation will be used to doing everything digitally and online. Organizations and businesses need to make digital marketing efforts now to be ready to serve these clients in the future. With digital marketing, businesses can reach customers all over the world, interact"
KK_DOC_010_CHUNK_002,KK_DOC_010,Explore the post-pandemic resurgence of digital marketing in India,https://www.kreativekudi.com/article3.html,2,"Right now, the most important thing for any company to do is hire inventive, creative digital marketers who can help them establish a strong online presence. The expansion of digital marketing is a long-term phenomenon. The market is likely to expand, and meeting the evolving needs of consumers will become increasingly important as time goes on. This next generation will be used to doing everything digitally and online. Organizations and businesses need to make digital marketing efforts now to be ready to serve these clients in the future. With digital marketing, businesses can reach customers all over the world, interact with them, build their brand, advertise their wares cheaply, and see a healthy return on investment. There are countless ways in which a retail company's success can be affected by a well-developed digital marketing strategy.. Access to new opportunities: Because of digitalization and technological progress, retail marketers now have access to previously unavailable prospects. They've gained the ability to expand their customer base outside geographical limits, enhance customer service while decreasing marketing expenditures, and much more. It's only right that shops make the most of this sales avenue and use it to its maximum potential. Competitive Advantage: The power of digital marketing cannot be overstated for small and medium-sized stores. That makes it possible for them to effectively take on tough competition despite having few means at their disposal. Using internet marketing, even stores on a little budget can promote their products internationally and reach clients all over the country. Improve Marketing metrics: Retailers can improve customer acquisition, conversion, and retention with the support of digital platforms. Customer involvement and conversation can be facilitated by its use, which in turn can increase sales. Improved Customer Experience: Regardless of the size of their operation, stores must put money into digital marketing if they want to provide their customers with the greatest possible shopping experience. This includes every step of the process, from research through delivery. It is important that the customer has a positive and stress-free experience with the brand at every touchpoint.. Improves Brand Metrics: Businesses in the retail sector can set themselves apart from the competition by fostering a strong brand identity and awareness. Companies can use this to their advantage by putting resources into bolstering their brand's reputation, brand awareness, and brand image in the eyes of consumers. Without a strong digital marketing plan, no company can hope to succeed in today's market. However, in order to reap the full benefits of digital marketing, modern stores must guarantee that their strategies are being implemented effectively. To maximize the potential of digital marketing and its many channels, it is essential to establish a solid online presence through strategies like website design and development, search engine marketing, content marketing, email marketing, and social media marketing. As the globe moves toward more widespread use of digital technology in commerce, consumers in even the most remote regions of India have access to top-tier offerings from the world's most recognizable companies. It's time to rethink your approach to company and consumer interaction. It's time for retailers to expand their advertising efforts beyond brick-and-mortar stores and television commercials to online buying guides, social media marketing, and more to better connect with today's tech-savvy consumers.. While digital marketing is still in its infancy, it is now one of the most effective strategies to promote your retail brand. Nonetheless, learning about the channel’s internal dynamics and the constant shifts they undergo is fascinating. Professionals that study emerging technologies like voice search, virtual reality, artificial intelligence, etc., and use that knowledge to benefit their company's brand will",article,600,"Explore the post-pandemic resurgence of digital marketing in India article Right now, the most important thing for any company to do is hire inventive, creative digital marketers who can help them establish a strong online presence. The expansion of digital marketing is a long-term phenomenon. The market is likely to expand, and meeting the evolving needs of consumers will become increasingly important as time goes on. This next generation will be used to doing everything digitally and online. Organizations and businesses need to make digital marketing efforts now to be ready to serve these clients in the future. With digital marketing, businesses can reach customers all over the world, interact with them, build their brand, advertise their wares cheaply, and see a healthy return on investment. There are countless ways in which a retail company's success can be affected by a well-developed digital marketing strategy.. Access to new opportunities: Because of digitalization and technological progress, retail marketers now have access to previously unavailable prospects. They've gained the ability to expand their customer base outside geographical limits, enhance customer service while decreasing marketing expenditures, and much more. It's only right that shops make the most of this sales avenue and use it to its maximum potential. Competitive Advantage: The power of digital marketing cannot be overstated for small and medium-sized stores. That makes it possible for them to effectively take on tough competition despite having few means at their disposal. Using internet marketing, even stores on a little budget can promote their products internationally and reach clients all over the country. Improve Marketing metrics: Retailers can improve customer acquisition, conversion, and retention with the support of digital platforms. Customer involvement and conversation can be facilitated by its use, which in turn can increase sales. Improved Customer Experience: Regardless of the size of their operation, stores must put money into digital marketing if they want to provide their customers with the greatest possible shopping experience. This includes every step of the process, from research through delivery. It is important that the customer has a positive and stress-free experience with the brand at every touchpoint.. Improves Brand Metrics: Businesses in the retail sector can set themselves apart from the competition by fostering a strong brand identity and awareness. Companies can use this to their advantage by putting resources into bolstering their brand's reputation, brand awareness, and brand image in the eyes of consumers. Without a strong digital marketing plan, no company can hope to succeed in today's market. However, in order to reap the full benefits of digital marketing, modern stores must guarantee that their strategies are being implemented effectively. To maximize the potential of digital marketing and its many channels, it is essential to establish a solid online presence through strategies like website design and development, search engine marketing, content marketing, email marketing, and social media marketing. As the globe moves toward more widespread use of digital technology in commerce, consumers in even the most remote regions of India have access to top-tier offerings from the world's most recognizable companies. It's time to rethink your approach to company and consumer interaction. It's time for retailers to expand their advertising efforts beyond brick-and-mortar stores and television commercials to online buying guides, social media marketing, and more to better connect with today's tech-savvy consumers.. While digital marketing is still in its infancy, it is now one of the most effective strategies to promote your retail brand. Nonetheless, learning about the channel’s internal dynamics and the constant shifts they undergo is fascinating. Professionals that study emerging technologies like voice search, virtual reality, artificial intelligence, etc., and use that knowledge to benefit their company's brand will"
KK_DOC_010_CHUNK_003,KK_DOC_010,Explore the post-pandemic resurgence of digital marketing in India,https://www.kreativekudi.com/article3.html,3,"to rethink your approach to company and consumer interaction. It's time for retailers to expand their advertising efforts beyond brick-and-mortar stores and television commercials to online buying guides, social media marketing, and more to better connect with today's tech-savvy consumers.. While digital marketing is still in its infancy, it is now one of the most effective strategies to promote your retail brand. Nonetheless, learning about the channel’s internal dynamics and the constant shifts they undergo is fascinating. Professionals that study emerging technologies like voice search, virtual reality, artificial intelligence, etc., and use that knowledge to benefit their company's brand will continue to be in high demand as the industry continues to develop and adapt. “Success is not final; failure is not fatal: it is the courage to continue that counts.” SATYA TWO,near Bharat Petroleum, Shastrinagar, Naranpura, Ahmedabad-380013 Gujarat, INDIA kreativekudi@gmail.com +918160581704 Digital marketing records 40% growth on Net connectivity, smartphone use. Digital advertising industry in India expected to reach Rs 35,809 crore market size by 2023: Report",article,167,"Explore the post-pandemic resurgence of digital marketing in India article to rethink your approach to company and consumer interaction. It's time for retailers to expand their advertising efforts beyond brick-and-mortar stores and television commercials to online buying guides, social media marketing, and more to better connect with today's tech-savvy consumers.. While digital marketing is still in its infancy, it is now one of the most effective strategies to promote your retail brand. Nonetheless, learning about the channel’s internal dynamics and the constant shifts they undergo is fascinating. Professionals that study emerging technologies like voice search, virtual reality, artificial intelligence, etc., and use that knowledge to benefit their company's brand will continue to be in high demand as the industry continues to develop and adapt. “Success is not final; failure is not fatal: it is the courage to continue that counts.” SATYA TWO,near Bharat Petroleum, Shastrinagar, Naranpura, Ahmedabad-380013 Gujarat, INDIA kreativekudi@gmail.com +918160581704 Digital marketing records 40% growth on Net connectivity, smartphone use. Digital advertising industry in India expected to reach Rs 35,809 crore market size by 2023: Report"
